ID;url;youtube
1;https://www.youtube.com/watch?v=eS4umzzdMno&ab_channel=CopaArgentinaAXIONenergy;eS4umzzdMno
2;https://www.youtube.com/watch?v=hAPulA1BcQA&pp=ygUXcml2ZXIgMSBnaW1uYXNpYSAxIDIwMTQ%3D;hAPulA1BcQA
3;https://www.youtube.com/watch?v=1y1lpCDRkMQ&ab_channel=HinchadaMonumental;1y1lpCDRkMQ
4;https://www.youtube.com/watch?v=wonkKIjwK4g&pp=ygUVUml2ZXIgMCBDb2zDs24gMCAyMDE0;wonkKIjwK4g
5;https://www.youtube.com/watch?v=KSVf9pOefKA&pp=ygUZcml2ZXIgNCBnb2RveSBjcnV6IDAgMjAxNA%3D%3D;KSVf9pOefKA
6;https://www.youtube.com/watch?v=PnL5F-po9OY&pp=ygUhcml2ZXIgMyBkZWZlbnNhIHkganVzdGljaWEgMCAyMDE0;PnL5F-po9OY
7;https://www.youtube.com/watch?v=_-GLnTVDRG0&pp=ygUacml2ZXIgMyBzYW4gbG9yZW56byAxIDIwMTQ%3D;_-GLnTVDRG0
8;https://www.youtube.com/watch?v=fhDZwML9wdM&pp=ygUncml2ZXIgMSBnb2RveSBjcnV6IDAgIDIwMTQgc3VkYW1lcmljYW5h;fhDZwML9wdM
9;https://www.youtube.com/watch?v=63EhzfKDIl4&pp=ygUUcml2ZXIgMiB0aWdyZSAwIDIwMTQ%3D;63EhzfKDIl4
10;https://www.youtube.com/watch?v=uGxkEqS3qD4&pp=ygUZcml2ZXIgMiBnb2RveSBjcnV6IDAgMjAxNA%3D%3D;uGxkEqS3qD4
11;https://www.youtube.com/watch?v=EIgvnHWmVCo&pp=ygUccml2ZXIgNCBpbmRlcGVuZGllbnRlIDEgMjAxNA%3D%3D;EIgvnHWmVCo
12;https://www.youtube.com/watch?v=tWSzOn8z3kQ&pp=ygUWcml2ZXIgMSBhcnNlbmFsIDEgMjAxNA%3D%3D;tWSzOn8z3kQ
13;https://www.youtube.com/watch?v=2VrPLDOFQWE&pp=ygUUcml2ZXIgMSBsYW51cyAxIDIwMTQ%3D;2VrPLDOFQWE
14;https://www.youtube.com/watch?v=Jr1msulwmAc&pp=ygUTcml2ZXIgMSBib2NhIDEgMjAxNA%3D%3D;Jr1msulwmAc
15;https://www.youtube.com/watch?v=-rIZV4QIfhw&pp=ygUeUml2ZXIgMCBSb3NhcmlvIENlbnRyYWwgMCAyMDE0;-rIZV4QIfhw
16;https://www.youtube.com/watch?v=_uB_CPLBxQI&pp=ygUXcml2ZXIgMSBuZXdlbGwncyAwIDIwMTQ%3D;_uB_CPLBxQI
17;https://www.youtube.com/watch?v=PKINd_SuoPw&pp=ygUXcml2ZXIgMyBsaWJlcnRhZCAxIDIwMTQ%3D;PKINd_SuoPw
18;https://www.youtube.com/watch?v=FvRca00dkxw&pp=ygUXcml2ZXIgMyBiZWxncmFubyAwIDIwMTQ%3D;FvRca00dkxw
19;https://www.youtube.com/watch?v=Ysgj3JmOzlE&pp=ygUXcml2ZXIgMiBsaWJlcnRhZCAwIDIwMTQ%3D;Ysgj3JmOzlE
20;https://www.youtube.com/watch?v=PA3JmRlrUko&pp=ygUWcml2ZXIgMiByYWZhZWxhIDEgMjAxNA%3D%3D;PA3JmRlrUko
21;https://www.youtube.com/watch?v=Lt_0NtE5HV4&pp=ygUtZXN0dWRpYW50ZXMgMSByaXZlciAyIGNvcGEgc3VkYW1lcmljYW5hIDIwMTQg;Lt_0NtE5HV4
22;https://www.youtube.com/watch?v=LnrIkm_JHI0&pp=ygUacml2ZXIgMyBlc3R1ZGlhbnRlcyAyIDIwMTQ%3D;LnrIkm_JHI0
23;https://www.youtube.com/watch?v=4ib6FB1TQdM&pp=ygUVdmVsZXogMSByaXZlciAxIDIwMTQg;4ib6FB1TQdM
24;https://www.youtube.com/watch?v=6y_wyHFtvGg&pp=ygUaUml2ZXIgMCBFc3R1ZGlhbnRlcyAxIDIwMTQ%3D;6y_wyHFtvGg
25;https://www.youtube.com/watch?v=guVz7XbcpY4&pp=ygUVcml2ZXIgMSBvbGltcG8gMSAyMDE0;guVz7XbcpY4
26;https://www.youtube.com/watch?v=DxTJcx9a_5g&pp=ygUTUml2ZXIgMCBCb2NhIDAgMjAxNA%3D%3D;DxTJcx9a_5g
27;https://www.youtube.com/watch?v=-yevMMCEojs&pp=ygUVUml2ZXIgMCBSYWNpbmcgMSAyMDE0;-yevMMCEojs
28;https://www.youtube.com/watch?v=y8iYo2bLYCc&pp=ygUTcml2ZXIgMSBib2NhIDAgMjAxNA%3D%3D;y8iYo2bLYCc
29;https://www.youtube.com/watch?v=29trhxEq5tA&pp=ygUXcml2ZXIgMyBiYW5maWVsZCAyIDIwMTQ%3D;29trhxEq5tA
30;https://www.youtube.com/watch?v=12jwDe9eOGE&pp=ygUgcml2ZXIgMSBhdGxldGljbyBuYWNpb25hbCAxIDIwMTQ%3D;12jwDe9eOGE
31;https://www.youtube.com/watch?v=lfSjlhwCvJ4&pp=ygUgcml2ZXIgMiBhdGxldGljbyBuYWNpb25hbCAwIDIwMTQ%3D;lfSjlhwCvJ4
32;https://www.youtube.com/watch?v=TX-eVK8msGk&pp=ygUXcXVpbG1lcyAwIHJpdmVyIDEgMjAxNCA%3D;TX-eVK8msGk
33;https://www.youtube.com/watch?v=DUA7EZHZFXw&pp=ygUacml2ZXIgMSBzYW4gbG9yZW56byAwIDIwMTU%3D;DUA7EZHZFXw
34;https://www.youtube.com/watch?v=ETsn4mV2Zy8&pp=ygUac2FuIGxvcmVuem8gMCByaXZlciAxIDIwMTU%3D;ETsn4mV2Zy8
35;https://www.youtube.com/watch?v=IlkgLVu3RHA&pp=ygUYcml2ZXIgNCBzYXJtaWVudG8gMSAyMDE1;IlkgLVu3RHA
36;https://www.youtube.com/watch?v=nMPxsDXynRs&pp=ygUYUml2ZXIgMCBTYW4gSm9zw6kgMiAyMDE1;nMPxsDXynRs
37;https://www.youtube.com/watch?v=CxwZNwhrVtw&pp=ygUWcml2ZXIgMiBxdWlsbWVzIDIgMjAxNQ%3D%3D;CxwZNwhrVtw
38;https://www.youtube.com/watch?v=LnDJmeWlBkc&pp=ygUXcml2ZXIgMiBiZWxncmFubyAxIDIwMTU%3D;LnDJmeWlBkc
39;https://www.youtube.com/watch?v=o3dQ3R6wGU8&pp=ygUVcml2ZXIgMSB0aWdyZXMgMSAyMDE1;o3dQ3R6wGU8
40;https://www.youtube.com/watch?v=Ky9YpMRwrn0&pp=ygUUcml2ZXIgMiB1bmlvbiAyIDIwMTU%3D;Ky9YpMRwrn0
41;https://www.youtube.com/watch?v=hm4zhBVVlUI&ab_channel=xpertowinner;hm4zhBVVlUI
42;https://www.youtube.com/watch?v=hxQoBSYJuzk&pp=ygUXYXJzZW5hbCAzIHJpdmVyIDMgMjAxNSA%3D;hxQoBSYJuzk
43;https://www.youtube.com/watch?v=TGZI9hJaBoM&ab_channel=Futbolpasionmundial3;TGZI9hJaBoM
44;https://www.youtube.com/watch?v=5_cy0PSELPI&pp=ygUZcml2ZXIgMSBnb2RveSBjcnV6IDAgMjAxNQ%3D%3D;5_cy0PSELPI
45;https://www.youtube.com/watch?v=QfG0ju3o2NU&pp=ygUXcml2ZXIgMyBnaW1uYXNpYSAyIDIwMTU%3D;QfG0ju3o2NU
46;https://www.youtube.com/watch?v=3vLomxL8U4g&pp=ygUacml2ZXIgMSBzYW4gbG9yZW56byAwIDIwMTU%3D;3vLomxL8U4g
47;https://www.youtube.com/watch?v=DvClKcg-Itg&pp=ygUVcml2ZXIgMiB0aWdyZXMgMiAyMDE1;DvClKcg-Itg
48;https://www.youtube.com/watch?v=9FgwLg5Z6xE&pp=ygUZcml2ZXIgMiBhcmdlbnRpbm9zIDEgMjAxNQ%3D%3D;9FgwLg5Z6xE
49;https://www.youtube.com/watch?v=PbDy_YoWsZE&pp=ygUScml2ZXIgMyBzYW4gam9zZSAw;PbDy_YoWsZE
50;https://www.youtube.com/watch?v=JN3uR-8mUwQ&pp=ygUXcml2ZXIgNCBiYW5maWVsZCAxIDIwMTU%3D;JN3uR-8mUwQ
51;https://www.youtube.com/watch?v=3ss_ILDajaM&pp=ygUXUml2ZXIgMCBIdXJhY8OhbiAxIDIwMTU%3D;3ss_ILDajaM
52;https://www.youtube.com/watch?v=7F6FZHnzn1M&pp=ygUTUml2ZXIgMCBCb2NhIDIgMjAxNQ%3D%3D;7F6FZHnzn1M
53;https://www.youtube.com/watch?v=n8_MFXSybaw&pp=ygUTcml2ZXIgMSBib2NhIDAgMjAxNQ%3D%3D;n8_MFXSybaw
54;https://www.youtube.com/watch?v=nSexJG26ndE&pp=ygUVUml2ZXIgMCBSYWNpbmcgMCAyMDE1;nSexJG26ndE
55;https://www.youtube.com/watch?v=YkvuskRaOT0&pp=ygUXUml2ZXIgMCBDcnV6ZWlybyAxIDIwMTU%3D;YkvuskRaOT0
56;https://www.youtube.com/watch?v=hzoBKhEmI5k&pp=ygUScml2ZXIgMyBjcnV6ZWlybyAw;hzoBKhEmI5k
57;https://www.youtube.com/watch?v=NcaOaoXQaHo&pp=ygUWcml2ZXIgMiBjZW50cmFsIDAgMjAxNQ%3D%3D;NcaOaoXQaHo
58;https://www.youtube.com/watch?v=h2Q6f4DR-Ok&pp=ygURcml2ZXIgMiBsaW5pZXJzIDA%3D;h2Q6f4DR-Ok
59;https://www.youtube.com/watch?v=LvFe_mKenk0&pp=ygUVcml2ZXIgMSBvbGltcG8gMSAyMDE1;LvFe_mKenk0
60;https://www.youtube.com/watch?v=jYEyUEzVLkY&pp=ygUeUml2ZXIgMCBSb3NhcmlvIENlbnRyYWwgMiAyMDE1;jYEyUEzVLkY
61;https://www.youtube.com/watch?v=CpW9VYiTKd8&pp=ygUUUml2ZXIgMCBUaWdyZSAwIDIwMTU%3D;CpW9VYiTKd8
62;https://www.youtube.com/watch?v=OtzJRlFRPIs&pp=ygUYcml2ZXIgMSB0ZW1wZXJsZXkgMSAyMDE1;OtzJRlFRPIs
63;https://www.youtube.com/watch?v=f0ROWiIpFNc&pp=ygURcml2ZXIgMiBndWFyYW5pIDA%3D;f0ROWiIpFNc
64;https://www.youtube.com/watch?v=q_jT5niENj8&pp=ygURcml2ZXIgNSByYWZhZWxhIDE%3D;q_jT5niENj8
65;https://www.youtube.com/watch?v=0UtDFhKqXc0&pp=ygURcml2ZXIgMSBndWFyYW5pIDE%3D;0UtDFhKqXc0
66;https://www.youtube.com/watch?v=YZdWMHafDPY&pp=ygUUcml2ZXIgMyBjb2xvbiAxIDIwMTU%3D;YZdWMHafDPY
67;https://www.youtube.com/watch?v=MPu9oSIssgo&pp=ygUQcml2ZXIgMyB0aWdyZXMgMA%3D%3D;MPu9oSIssgo
68;https://www.youtube.com/watch?v=RutvhfRXypI&pp=ygUVcml2ZXIgMyBnYW1iYSBvc2FrYSAw;RutvhfRXypI
69;https://www.youtube.com/watch?v=hMT23M2Xw2Y&pp=ygUacml2ZXIgMSBlc3R1ZGlhbnRlcyAyIDIwMTU%3D;hMT23M2Xw2Y
70;https://www.youtube.com/watch?v=3VyHZ2vlrZE&pp=ygUWcml2ZXIgMSBodXJhY2FuIDEgMjAxNQ%3D%3D;3VyHZ2vlrZE
71;https://www.youtube.com/watch?v=X-fVRIhA68M&pp=ygURcml2ZXIgNCBjaGljYWdvIDE%3D;X-fVRIhA68M
72;https://www.youtube.com/watch?v=bD02DvsranM&pp=ygUTUml2ZXIgMCBCb2NhIDEgMjAxNQ%3D%3D;bD02DvsranM
73;https://www.youtube.com/watch?v=SN-fxvcTfHQ&pp=ygUUcml2ZXIgMSBsYW51cyAxIDIwMTU%3D;SN-fxvcTfHQ
74;https://www.youtube.com/watch?v=OoEb_BKPyc8&pp=ygUXcml2ZXIgMiBsaWdhIGRlIHF1aXRvIDA%3D;OoEb_BKPyc8
75;https://www.youtube.com/watch?v=fRvr7Qu75xI&pp=ygUhcml2ZXIgMSBjcnVjZXJvIGRlbCBub3J0ZSAwICAyMDE1;fRvr7Qu75xI
76;https://www.youtube.com/watch?v=N-bdPMNXpBA&pp=ygUcUml2ZXIgMCBMaWdhIGRlIFF1aXRvIDEgMjAxNQ%3D%3D;N-bdPMNXpBA
77;https://www.youtube.com/watch?v=RXBw0j7Dt1E&pp=ygUhUml2ZXIgMCBEZWZlbnNhIHkgSnVzdGljaWEgMSAyMDE1;RXBw0j7Dt1E
78;https://www.youtube.com/watch?v=OIjTA9IwAf4&pp=ygUXcml2ZXIgMSBhbGRvc2l2aSAxIDIwMTU%3D;OIjTA9IwAf4
79;https://www.youtube.com/watch?v=S1MEVru58eo&pp=ygUVcml2ZXIgMyBjaGFwZWNvZW5zZSAx;S1MEVru58eo
80;https://www.youtube.com/watch?v=hhmLNKxuaiU&pp=ygUVcml2ZXIgMSBjaGFwZWNvZW5zZSAy;hhmLNKxuaiU
81;https://www.youtube.com/watch?v=o8DAw5C4-tE&pp=ygUUcml2ZXIgMSB2ZWxleiAwIDIwMTU%3D;o8DAw5C4-tE
82;https://www.youtube.com/watch?v=M6EVeHtYc7w&pp=ygUWcml2ZXIgMiBodXJhY2FuIDIgMjAxNQ%3D%3D;M6EVeHtYc7w
83;https://www.youtube.com/watch?v=eN7VETGkUrg&pp=ygUTcml2ZXIgMSBoaXJvc2hpbWEgMA%3D%3D;eN7VETGkUrg
84;https://www.youtube.com/watch?v=9EhRktylHR8&pp=ygURcml2ZXIgNSBxdWlsbWVzIDE%3D;9EhRktylHR8
85;https://www.youtube.com/watch?v=VfPjhjerhXw&pp=ygUXcml2ZXIgMiBiZWxncmFubyAzIDIwMTY%3D;VfPjhjerhXw
86;https://www.youtube.com/watch?v=0nQdTrUUfxg&pp=ygUZcml2ZXIgMSBnb2RveSBjcnV6IDIgMjAxNg%3D%3D;0nQdTrUUfxg
87;https://www.youtube.com/watch?v=80ro8_K0U7I&pp=ygUWcml2ZXIgMyBjZW50cmFsIDMgMjAxNg%3D%3D;80ro8_K0U7I
88;https://www.youtube.com/watch?v=PHL-deHMD90&pp=ygUVcml2ZXIgNCB0cnVqaWxsYW5vcyAw;PHL-deHMD90
89;https://www.youtube.com/watch?v=Nrz8X62Jf_k&pp=ygUccml2ZXIgMSBpbmRlcGVuZGllbnRlIDAgMjAxNg%3D%3D;Nrz8X62Jf_k
90;https://www.youtube.com/watch?v=4Z_ISynsUag&pp=ygUTUml2ZXIgMCBCb2NhIDAgMjAxNg%3D%3D;4Z_ISynsUag
91;https://www.youtube.com/watch?v=F9cy8xc98k4&pp=ygUTcml2ZXIgMSBzYW8gcGF1bG8gMQ%3D%3D;F9cy8xc98k4
92;https://www.youtube.com/watch?v=zevPoBGXWmw&pp=ygUPcml2ZXIgMSBjb2xvbiA0;zevPoBGXWmw
93;https://www.youtube.com/watch?v=Sk5tAw1lr_s&pp=ygUXcml2ZXIgMSB0aGUgc3Ryb25nZXN0IDE%3D;Sk5tAw1lr_s
94;https://www.youtube.com/watch?v=hvTV3cXvIl0&pp=ygUXcml2ZXIgMSBiYW5maWVsZCAxIDIwMTY%3D;hvTV3cXvIl0
95;https://www.youtube.com/watch?v=EPJi8pZ-XBk&pp=ygUYcml2ZXIgMSBwYXRyb25hdG8gMiAyMDE2;EPJi8pZ-XBk
96;https://www.youtube.com/watch?v=7KqHvNM6T1o&pp=ygUXcml2ZXIgNiB0aGUgc3Ryb25nZXN0IDA%3D;7KqHvNM6T1o
97;https://www.youtube.com/watch?v=YNPwN0kZhQw&pp=ygUbcml2ZXIgMiBzYXJtaWVudG8gMiAyMDE1wr82;YNPwN0kZhQw
98;https://www.youtube.com/watch?v=QcfEgwOw-5g&pp=ygUTcml2ZXIgMSBzYW8gcGF1bG8gMg%3D%3D;QcfEgwOw-5g
99;https://www.youtube.com/watch?v=lYyakQpMK7Q&pp=ygUVcml2ZXIgMSBvbGltcG8gMCAyMDE2;lYyakQpMK7Q
100;https://www.youtube.com/watch?v=J6xkZ6hPBw4&pp=ygUVcml2ZXIgNCB0cnVqaWxsYW5vcyAz;J6xkZ6hPBw4
101;https://www.youtube.com/watch?v=ihPTVZGSQms&pp=ygUTUml2ZXIgMCBCb2NhIDAgMjAxNg%3D%3D;ihPTVZGSQms
102;https://www.youtube.com/watch?v=Wd9Cg-oSnic&pp=ygUmUml2ZXIgMCBJbmRlcGVuZGllbnRlIGRlbCBWYWxsZSAyIDIwMTY%3D;Wd9Cg-oSnic
103;https://www.youtube.com/watch?v=T7a8yHXtXjA&pp=ygUVUml2ZXIgMCBWw6lsZXogMCAyMDE2;T7a8yHXtXjA
104;https://www.youtube.com/watch?v=kBdTTBc8lcc&pp=ygUhcml2ZXIgMSBpbmRlcGVuZGllbnRlIGRlbCB2YWxsZSAw;kBdTTBc8lcc
105;https://www.youtube.com/watch?v=24audut190U&pp=ygUacml2ZXIgMSBzYW4gbG9yZW56byAyIDIwMTY%3D;24audut190U
106;https://www.youtube.com/watch?v=irIWbLHPaMg&pp=ygUXcml2ZXIgMSBnaW1uYXNpYSAwIDIwMTY%3D;irIWbLHPaMg
107;https://www.youtube.com/watch?v=T6HT8oHUv1c&pp=ygUWcml2ZXIgMSBhcnNlbmFsIDIgMjAxNg%3D%3D;T6HT8oHUv1c
108;https://www.youtube.com/watch?v=wPvOBi8jeRo&pp=ygUYcml2ZXIgMyByaXZhZGF2aWEgMCAyMDE2;wPvOBi8jeRo
109;https://www.youtube.com/watch?v=6lQOX9gf2QU&pp=ygUhcml2ZXIgMiBlc3R1ZGlhbnRlcyBkZSBzYW4gbHVpcyAx;6lQOX9gf2QU
110;https://www.youtube.com/watch?v=2GZvZrzLAZo&pp=ygUXcml2ZXIgMiBzYW50YSBmZSAxIDIwMTY%3D;2GZvZrzLAZo
111;https://www.youtube.com/watch?v=iGhgs1__sG0&pp=ygUXcml2ZXIgNCBiYW5maWVsZCAxIDIwMTY%3D;iGhgs1__sG0
112;https://www.youtube.com/watch?v=eSKEvtrvP1k&pp=ygUXcml2ZXIgMSB0YWxsZXJlcyAwIDIwMTY%3D;eSKEvtrvP1k
113;https://www.youtube.com/watch?v=k3qgaM4KsOc&pp=ygUZcml2ZXIgMSBzYW4gbWFydGluIDEgMjAxNg%3D%3D;k3qgaM4KsOc
114;https://www.youtube.com/watch?v=XqizCszAy_8&pp=ygUWcml2ZXIgMSBhcnNlbmFsIDAgMjAxNg%3D%3D;XqizCszAy_8
115;https://www.youtube.com/watch?v=qikMqeUAQSg&pp=ygUhcml2ZXIgMyBkZWZlbnNhIHkganVzdGljaWEgMyAyMDE2;qikMqeUAQSg
116;https://www.youtube.com/watch?v=iubUF6GINzw&pp=ygUUcml2ZXIgMyB2ZWxleiAwIDIwMTY%3D;iubUF6GINzw
117;https://www.youtube.com/watch?v=BLJkPzAYzv8&ab_channel=Futbolpasionmundial3;BLJkPzAYzv8
118;https://www.youtube.com/watch?v=EnfpHd53vQg&pp=ygUWcml2ZXIgMSByYWZhZWxhIDAgMjAxNg%3D%3D;EnfpHd53vQg
119;https://www.youtube.com/watch?v=Xy6a5ERT7Nc&pp=ygUUcml2ZXIgMyB1bmlvbiAwIDIwMTY%3D;Xy6a5ERT7Nc
120;https://www.youtube.com/watch?v=BH5MMcdIUFE&pp=ygUWcml2ZXIgMiBhcnNlbmFsIDIgMjAxNg%3D%3D;BH5MMcdIUFE
121;https://www.youtube.com/watch?v=9wNSX_my8fA&pp=ygUacml2ZXIgMSBlc3R1ZGlhbnRlcyAxIDIwMTY%3D;9wNSX_my8fA
122;https://www.youtube.com/watch?v=3K6Uvgk-AAc&pp=ygUXUml2ZXIgMCBOZXdlbGwncyAxIDIwMTY%3D;3K6Uvgk-AAc
123;https://www.youtube.com/watch?v=rOgNWnVDD4w&pp=ygUWcml2ZXIgMSBodXJhY2FuIDAgMjAxNg%3D%3D;rOgNWnVDD4w
124;https://www.youtube.com/watch?v=Jjm0yPW3rKI&ab_channel=alejandraizarriaga;Jjm0yPW3rKI
125;https://www.youtube.com/watch?v=xHw8YpIeFyg&pp=ygUcUml2ZXIgMCBJbmRlcGVuZGllbnRlIDEgMjAxNg%3D%3D;xHw8YpIeFyg
126;https://www.youtube.com/watch?v=Rp3PG1MDZkY&pp=ygUOcml2ZXIgMiBib2NhIDQ%3D;Rp3PG1MDZkY
127;https://www.youtube.com/watch?v=qV4qk-4EqgM&pp=ygURcml2ZXIgNCBjZW50cmFsIDM%3D;qV4qk-4EqgM
128;https://www.youtube.com/watch?v=FXoJxZ4aTso&pp=ygUVcml2ZXIgMiBvbGltcG8gMSAyMDE2;FXoJxZ4aTso
129;https://www.youtube.com/watch?v=kpo0v2VSy38&pp=ygUVUml2ZXIgMCBMYW7DunMgMyAyMDE3;kpo0v2VSy38
130;https://www.youtube.com/watch?v=spDuV5N0ktY&pp=ygUlcml2ZXIgMyBpbmRlcGVuZGllbnRlIG1lZGVsbGluIDEgMjAxNw%3D%3D;spDuV5N0ktY
131;https://www.youtube.com/watch?v=k_9pBmFNG44&pp=ygUUcml2ZXIgMyBsYW51cyAxIDIwMTc%3D;k_9pBmFNG44
132;https://www.youtube.com/watch?v=tr4oPow7QeM&pp=ygUXcml2ZXIgMiBiZWxncmFubyAxIDIwMTc%3D;tr4oPow7QeM
133;https://www.youtube.com/watch?v=QoloLOfHmMI&pp=ygUZcml2ZXIgMiBnb2RveSBjcnV6IDEgMjAxNw%3D%3D;QoloLOfHmMI
134;https://www.youtube.com/watch?v=VDEzIG67qh4&pp=ygUWcml2ZXIgMiBxdWlsbWVzIDAgMjAxNw%3D%3D;VDEzIG67qh4
135;https://www.youtube.com/watch?v=fGCe9BCh8Kc&pp=ygUQcml2ZXIgNCBtZWxnYXIgMg%3D%3D;fGCe9BCh8Kc
136;https://www.youtube.com/watch?v=0UZAWb2cLXI&pp=ygUUcml2ZXIgMiB0aWdyZSAwIDIwMTc%3D;0UZAWb2cLXI
137;https://www.youtube.com/watch?v=tdXJH6Mv1C4&pp=ygUYcml2ZXIgMSBzYXJtaWVudG8gMSAyMDE3;tdXJH6Mv1C4
138;https://www.youtube.com/watch?v=K8hTV2vZ5Y0&pp=ygUVcml2ZXIgMiBlbWVsZWMgMSAyMDE3;K8hTV2vZ5Y0
139;https://www.youtube.com/watch?v=Vzl9rGXIwSA&pp=ygUTcml2ZXIgNCB0ZW1wZXJsZXkgMQ%3D%3D;Vzl9rGXIwSA
140;https://www.youtube.com/watch?v=xDV33mQ4RiM&pp=ygUVcml2ZXIgMSBlbWVsZWMgMSAyMDE3;xDV33mQ4RiM
141;https://www.youtube.com/watch?v=IlyaBou6svg&pp=ygUTcml2ZXIgMyBib2NhIDEgMjAxNw%3D%3D;IlyaBou6svg
142;https://www.youtube.com/watch?v=Ubuje0U9oY4&pp=ygUQcml2ZXIgMyBtZWxnYXIgMg%3D%3D;Ubuje0U9oY4
143;https://www.youtube.com/watch?v=CAjhihhXCag&pp=ygUXcml2ZXIgMyBnaW1uYXNpYSAwIDIwMTc%3D;CAjhihhXCag
144;https://www.youtube.com/watch?v=IosNwKs6G-s&pp=ygUlcml2ZXIgMSBpbmRlcGVuZGllbnRlIG1lZGVsbGluIDIgMjAxNw%3D%3D;IosNwKs6G-s
145;https://www.youtube.com/watch?v=rqX3fIThbCo&pp=ygUeUml2ZXIgMCBSb3NhcmlvIENlbnRyYWwgMCAyMDE3;rqX3fIThbCo
146;https://www.youtube.com/watch?v=KhC9ZT0SGgo&pp=ygUgYXRsZXRpY28gdHVjdW1hbiAwIHJpdmVyIDMgMjAxNyA%3D;KhC9ZT0SGgo
147;https://www.youtube.com/watch?v=N9yyTMU5TGg&pp=ygUacml2ZXIgMSBzYW4gbG9yZW56byAyIDIwMTc%3D;N9yyTMU5TGg
148;https://www.youtube.com/watch?v=NwauIl5NzrQ&pp=ygUVcml2ZXIgMiByYWNpbmcgMyAyMDE3;NwauIl5NzrQ
149;https://www.youtube.com/watch?v=To3ugQT_ATc&pp=ygUXcml2ZXIgMSBhbGRvc2l2aSAwIDIwMTc%3D;To3ugQT_ATc
150;https://www.youtube.com/watch?v=5ClWaTYgwzs&pp=ygUVUml2ZXIgMCBDb2zDs24gMCAyMDE3;5ClWaTYgwzs
151;https://www.youtube.com/watch?v=1mf0y2vPCUI&pp=ygUWcml2ZXIgMiBndWFyYW5pIDAgMjAxNw%3D%3D;1mf0y2vPCUI
152;https://www.youtube.com/watch?v=G7egNfIY3ZI&pp=ygUWcml2ZXIgMSBndWFyYW5pIDEgMjAxNw%3D%3D;G7egNfIY3ZI
153;https://www.youtube.com/watch?v=0CEU6HVao8I&pp=ygUPcml2ZXIgMyBhdGxhcyAw;0CEU6HVao8I
154;https://www.youtube.com/watch?v=WdxZTl8yMfY&pp=ygUYcml2ZXIgNCBpbnN0aXR1dG8gMSAyMDE3;WdxZTl8yMfY
155;https://www.youtube.com/watch?v=i_9fRVYSehg&pp=ygUYcml2ZXIgMSB0ZW1wZXJsZXkgMCAyMDE3;i_9fRVYSehg
156;https://www.youtube.com/watch?v=QQRSymzbHgE&pp=ygUXcml2ZXIgMyBiYW5maWVsZCAxIDIwMTc%3D;QQRSymzbHgE
157;https://www.youtube.com/watch?v=LT3Lz7_YeL8&pp=ygUZcml2ZXIgMyBzYW4gbWFydGluIDEgMjAxNw%3D%3D;LT3Lz7_YeL8
158;https://www.youtube.com/watch?v=cRPjCcRIWgc&pp=ygUVcml2ZXIgOCB3aWxzdGVybWFubiAw;cRPjCcRIWgc
159;https://www.youtube.com/watch?v=LbNbzPAbF1o&pp=ygUZcml2ZXIgMSBhcmdlbnRpbm9zIDEgMjAxNw%3D%3D;LbNbzPAbF1o
160;https://www.youtube.com/watch?v=losWn_CpDHM&pp=ygUUcml2ZXIgMSB0aWdyZSAxIDIwMTc%3D;losWn_CpDHM
161;https://www.youtube.com/watch?v=Vp749ST-qdw&pp=ygUWcml2ZXIgMyBkZWZlbnNhIDAgMjAxNw%3D%3D;Vp749ST-qdw
162;https://www.youtube.com/watch?v=c-H4sdopqg0&pp=ygUfcml2ZXIgMiBhdGxldGljbyB0dWN1bWFuIDIgMjAxNw%3D%3D;c-H4sdopqg0
163;https://www.youtube.com/watch?v=NJ3Kz6WsUH8&pp=ygURcml2ZXIgNCBhdGxhbnRhIDE%3D;NJ3Kz6WsUH8
164;https://www.youtube.com/watch?v=ypvzjAoafKI&pp=ygUUcml2ZXIgMSBsYW51cyAwIDIwMTc%3D;ypvzjAoafKI
165;https://www.youtube.com/watch?v=aRE1VBfHtuY&pp=ygUUcml2ZXIgMiBsYW51cyA0IDIwMTc%3D;aRE1VBfHtuY
166;https://www.youtube.com/watch?v=XLWugsgZnA8&pp=ygUTcml2ZXIgMSBib2NhIDIgMjAxNw%3D%3D;XLWugsgZnA8
167;https://www.youtube.com/watch?v=FYYxKxmz3UU&pp=ygUPcml2ZXIgMyBtb3JvbiAw;FYYxKxmz3UU
168;https://www.youtube.com/watch?v=24yCWCdfYwU&pp=ygUcUml2ZXIgMCBJbmRlcGVuZGllbnRlIDEgMjAxNw%3D%3D;24yCWCdfYwU
169;https://www.youtube.com/watch?v=5xW-l2uOLuw&pp=ygUUcml2ZXIgMiB1bmlvbiAwIDIwMTc%3D;5xW-l2uOLuw
170;https://www.youtube.com/watch?v=n1SlL98d9G8&pp=ygUWcml2ZXIgMSBuZXdlbGxzIDMgMjAxNw%3D%3D;n1SlL98d9G8
171;https://www.youtube.com/watch?v=U773wpAWj5Q&pp=ygUacml2ZXIgMSBHaW1uYXNpYSBMUCAyIDIwMTc%3D;U773wpAWj5Q
172;https://www.youtube.com/watch?v=Q2P6a_UdB3w&pp=ygUhcml2ZXIgMiBBdGzDqXRpY28gVHVjdW3DoW4gMSAyMDE3;Q2P6a_UdB3w
173;https://www.youtube.com/watch?v=j_Cy0n4CxsA&pp=ygUVcml2ZXIgMiBPbGltcG8gMCAyMDE4;j_Cy0n4CxsA
174;https://www.youtube.com/watch?v=6ow8KIi0Huw&pp=ygUZcml2ZXIgMiBHb2RveSBDcnV6IDIgMjAxOA%3D%3D;6ow8KIi0Huw
175;https://www.youtube.com/watch?v=zEAHpsM2us4&pp=ygUVUml2ZXIgMCBWw6lsZXogMSAyMDE4;zEAHpsM2us4
176;https://www.youtube.com/watch?v=UNRLgr_fhb0&pp=ygUXcml2ZXIgMiBGbGFtZW5nbyAyIDIwMTg%3D;UNRLgr_fhb0
177;https://www.youtube.com/watch?v=I49oZdyQlGw&pp=ygUYcml2ZXIgMSBDaGFjYXJpdGEgMSAyMDE4;I49oZdyQlGw
178;https://www.youtube.com/watch?v=ebHrHHemmuE&pp=ygUYcml2ZXIgMSBQYXRyb25hdG8gMCAyMDE4;ebHrHHemmuE
179;https://www.youtube.com/watch?v=W-a4DTUrAoQ&pp=ygUTcml2ZXIgMiBCb2NhIDAgMjAxOA%3D%3D;W-a4DTUrAoQ
180;https://www.youtube.com/watch?v=04IbQ2bC3a4&pp=ygUXcml2ZXIgMyBCZWxncmFubyAxIDIwMTg%3D;04IbQ2bC3a4
181;https://www.youtube.com/watch?v=BQsbfuO1IuM&pp=ygUhcml2ZXIgMyBEZWZlbnNhIHkgSnVzdGljaWEgMSAyMDE4;BQsbfuO1IuM
182;https://www.youtube.com/watch?v=sZ65YqxkDlM&pp=ygUXUml2ZXIgMCBTYW50YSBGZSAwIDIwMTg%3D;sZ65YqxkDlM
183;https://www.youtube.com/watch?v=MdRuPXlCzC4&pp=ygUVcml2ZXIgMiBSYWNpbmcgMCAyMDE4;MdRuPXlCzC4
184;https://www.youtube.com/watch?v=1lQP8zyS6RQ&pp=ygUecml2ZXIgMiBSb3NhcmlvIENlbnRyYWwgMCAyMDE4;1lQP8zyS6RQ
185;https://www.youtube.com/watch?v=GQ5XMooj3xs&pp=ygUVcml2ZXIgMSBFbWVsZWMgMCAyMDE4;GQ5XMooj3xs
186;https://www.youtube.com/watch?v=OaLdY0dLDaU&pp=ygUWcml2ZXIgMyBBcnNlbmFsIDAgMjAxOA%3D%3D;OaLdY0dLDaU
187;https://www.youtube.com/watch?v=ywQSDBtOKMo&pp=ygUVcml2ZXIgMiBFbWVsZWMgMSAyMDE4;ywQSDBtOKMo
188;https://www.youtube.com/watch?v=2JiJNnEpUNM&pp=ygUXcml2ZXIgMSBTYW50YSBGZSAwIDIwMTg%3D;2JiJNnEpUNM
189;https://www.youtube.com/watch?v=jlNlHAWlrew&pp=ygUacml2ZXIgMiBFc3R1ZGlhbnRlcyAwIDIwMTg%3D;jlNlHAWlrew
190;https://www.youtube.com/watch?v=foO-OV9gvgQ&pp=ygUacml2ZXIgMiBTYW4gTG9yZW56byAwIDIwMTg%3D;foO-OV9gvgQ
191;https://www.youtube.com/watch?v=SoZg0mPTyEk&ab_channel=CopaArgentinaAXIONenergy;SoZg0mPTyEk
192;https://www.youtube.com/watch?v=ntLw1_LpzFo&pp=ygUdcml2ZXIgMyBWaWxsYSBEw6FsbWluZSAxIDIwMTg%3D;ntLw1_LpzFo
193;https://www.youtube.com/watch?v=b_k3V562TrQ&pp=ygUVUml2ZXIgMCBSYWNpbmcgMCAyMDE4;b_k3V562TrQ
194;https://www.youtube.com/watch?v=JAt1EzYoDZs&pp=ygUXUml2ZXIgMCBIdXJhY8OhbiAwIDIwMTg%3D;JAt1EzYoDZs
195;https://www.youtube.com/watch?v=4ea8HilhZgY&pp=ygUXUml2ZXIgMCBCZWxncmFubyAwIDIwMTg%3D;4ea8HilhZgY
196;https://www.youtube.com/watch?v=YBum2ohR7ws&pp=ygUdUml2ZXIgMCBBcmdlbnRpbm9zIEpycyAwIDIwMTg%3D;YBum2ohR7ws
197;https://www.youtube.com/watch?v=UXm350OPel4&pp=ygUVcml2ZXIgMyBSYWNpbmcgMCAyMDE4;UXm350OPel4
198;https://www.youtube.com/watch?v=rR00r6ynmIA&pp=ygUacml2ZXIgMSBTYW4gTG9yZW56byAxIDIwMTg%3D;rR00r6ynmIA
199;https://www.youtube.com/watch?v=CsnJBu5bv40&pp=ygUXcml2ZXIgMiBQbGF0ZW5zZSAwIDIwMTg%3D;CsnJBu5bv40
200;https://www.youtube.com/watch?v=g5OX8YheP2E&pp=ygUdcml2ZXIgNCBTYW4gTWFydMOtbiBTSiAxIDIwMTg%3D;g5OX8YheP2E
201;https://www.youtube.com/watch?v=r2Gxg9WGv3Q&pp=ygUcUml2ZXIgMCBJbmRlcGVuZGllbnRlIDAgMjAxOA%3D%3D;r2Gxg9WGv3Q
202;https://www.youtube.com/watch?v=0SZiGYrDwgM&pp=ygUTcml2ZXIgMiBCb2NhIDAgMjAxOA%3D%3D;0SZiGYrDwgM
203;https://www.youtube.com/watch?v=GI6v-yOhm4o&pp=ygUVcml2ZXIgNSBMYW7DunMgMSAyMDE4;GI6v-yOhm4o
204;https://www.youtube.com/watch?v=oBKIzWr2T4w&pp=ygUccml2ZXIgMyBJbmRlcGVuZGllbnRlIDEgMjAxOA%3D%3D;oBKIzWr2T4w
205;https://www.youtube.com/watch?v=j3uW3l48EaM&pp=ygUacml2ZXIgMyBTYXJtaWVudG8gUiAxIDIwMTg%3D;j3uW3l48EaM
206;https://www.youtube.com/watch?v=9k3VTsR0EEY&pp=ygUVUml2ZXIgMCBDb2zDs24gMSAyMDE4;9k3VTsR0EEY
207;https://www.youtube.com/watch?v=tO9efvmqXfQ&pp=ygUVUml2ZXIgMCBHcmVtaW8gMSAyMDE4;tO9efvmqXfQ
208;https://www.youtube.com/watch?v=mP5fIX5moGw&pp=ygUXcml2ZXIgMSBBbGRvc2l2aSAwIDIwMTg%3D;mP5fIX5moGw
209;https://www.youtube.com/watch?v=UFl5xLTjpG4&pp=ygUVcml2ZXIgMiBHcmVtaW8gMSAyMDE4;UFl5xLTjpG4
210;https://www.youtube.com/watch?v=h_QGVRlxEg8&pp=ygUTcml2ZXIgMiBCb2NhIDIgMjAxOA%3D%3D;h_QGVRlxEg8
211;https://www.youtube.com/watch?v=sjg4xOYLbsA&pp=ygUacml2ZXIgMiBHaW1uYXNpYSBMUCAyIDIwMTg%3D;sjg4xOYLbsA
212;https://www.youtube.com/watch?v=PMoXKfWqZTA&pp=ygUacml2ZXIgMyBHaW1uYXNpYSBMUCAxIDIwMTg%3D;PMoXKfWqZTA
213;https://www.youtube.com/watch?v=F-A_ujDnMo4&pp=ygUTcml2ZXIgMyBCb2NhIDEgMjAxOA%3D%3D;F-A_ujDnMo4
214;https://www.youtube.com/watch?v=ROWrTSZJ--A&ab_channel=PauloC%C3%A9sar;ROWrTSZJ--A
215;https://www.youtube.com/watch?v=WitHsu2zDLI&ab_channel=Perfil;WitHsu2zDLI
216;https://www.youtube.com/watch?v=JpxZvLTYU5k&pp=ygUhUml2ZXIgMCBEZWZlbnNhIHkgSnVzdGljaWEgMSAyMDE5;JpxZvLTYU5k
217;https://www.youtube.com/watch?v=q-HoAOKV5Ms&pp=ygUVcml2ZXIgMSBVbmnDs24gMiAyMDE5;q-HoAOKV5Ms
218;https://www.youtube.com/watch?v=E5Jvyoq0dfo&pp=ygUYcml2ZXIgMSBQYXRyb25hdG8gMyAyMDE5;E5Jvyoq0dfo
219;https://www.youtube.com/watch?v=zmCJeKGG1f4&pp=ygUZcml2ZXIgNCBHb2RveSBDcnV6IDAgMjAxOQ%3D%3D;zmCJeKGG1f4
220;https://www.youtube.com/watch?v=hGn3Pej-TpM&pp=ygUVcml2ZXIgMiBWw6lsZXogMSAyMDE5;hGn3Pej-TpM
221;https://www.youtube.com/watch?v=Lw5LJ0M6EjQ&pp=ygUVcml2ZXIgMiBSYWNpbmcgMCAyMDE5;Lw5LJ0M6EjQ
222;https://www.youtube.com/watch?v=ZM6kgvbXY8E&pp=ygUecml2ZXIgMSBSb3NhcmlvIENlbnRyYWwgMSAyMDE5;ZM6kgvbXY8E
223;https://www.youtube.com/watch?v=2KxeVd1HkGg&pp=ygUXcml2ZXIgMSBCYW5maWVsZCAxIDIwMTk%3D;2KxeVd1HkGg
224;https://www.youtube.com/watch?v=oupXoILErQA&ab_channel=futbolparatodos;oupXoILErQA
225;https://www.youtube.com/watch?v=YTi36LC0mYA&pp=ygUXcml2ZXIgNCBOZXdlbGwncyAyIDIwMTk%3D;YTi36LC0mYA
226;https://www.youtube.com/watch?v=zuuPtiF-1AU&pp=ygUbcml2ZXIgMSBBbGlhbnphIExpbWEgMSAyMDE5;zuuPtiF-1AU
227;https://www.youtube.com/watch?v=Zd_8tUyuiPM&ab_channel=RIVERPLATE;Zd_8tUyuiPM
228;https://www.youtube.com/watch?v=q_WqBe4Q82Y&pp=ygUccml2ZXIgMyBJbmRlcGVuZGllbnRlIDAgMjAxOQ%3D%3D;q_WqBe4Q82Y
229;https://www.youtube.com/watch?v=_cXIdx4GywE&pp=ygUXcml2ZXIgMiBUYWxsZXJlcyAwIDIwMTk%3D;_cXIdx4GywE
230;https://www.youtube.com/watch?v=IliGsIIjYSk&pp=ygUccml2ZXIgMiBJbnRlcm5hY2lvbmFsIDIgMjAxOQ%3D%3D;IliGsIIjYSk
231;https://www.youtube.com/watch?v=gQYDQwNQG6Y&pp=ygUUcml2ZXIgMiBUaWdyZSAzIDIwMTk%3D;gQYDQwNQG6Y
232;https://www.youtube.com/watch?v=zFMDW5W2-f4&pp=ygUbcml2ZXIgMyBBbGlhbnphIExpbWEgMCAyMDE5;zFMDW5W2-f4
233;https://www.youtube.com/watch?v=tkj1-NN2ynY&pp=ygUUcml2ZXIgMyBNZXJsbyAwIDIwMTk%3D;tkj1-NN2ynY
234;https://www.youtube.com/watch?v=VD2CNeHrkuQ&pp=ygUYcml2ZXIgMiBQYWxlc3Rpbm8gMCAyMDE5;VD2CNeHrkuQ
235;https://www.youtube.com/watch?v=g3kzL-XgYU0&pp=ygUXcml2ZXIgMSBBbGRvc2l2aSAxIDIwMTk%3D;g3kzL-XgYU0
236;https://www.youtube.com/watch?v=KzflF4Gjc2I&pp=ygUXcml2ZXIgNiBBbGRvc2l2aSAwIDIwMTk%3D;KzflF4Gjc2I
237;https://www.youtube.com/watch?v=bS4lZvpNowU&pp=ygUccml2ZXIgMiBJbnRlcm5hY2lvbmFsIDIgMjAxOQ%3D%3D;bS4lZvpNowU
238;https://www.youtube.com/watch?v=uA08fS0qsPE&pp=ygUhUml2ZXIgMCBBdGzDqXRpY28gVHVjdW3DoW4gMyAyMDE5;uA08fS0qsPE
239;https://www.youtube.com/watch?v=wcQ1sNkApzE&pp=ygUhcml2ZXIgNCBBdGzDqXRpY28gVHVjdW3DoW4gMSAyMDE5;wcQ1sNkApzE
240;https://www.youtube.com/watch?v=wteOuixZa4o&pp=ygUZUml2ZXIgMCBQYXJhbmFlbnNlIDEgMjAxOQ%3D%3D;wteOuixZa4o
241;https://www.youtube.com/watch?v=5Z8HSr4u0IY&pp=ygUZcml2ZXIgMyBQYXJhbmFlbnNlIDAgMjAxOQ%3D%3D;5Z8HSr4u0IY
242;https://www.youtube.com/watch?v=j-WCBS3zQAc&pp=ygUXcml2ZXIgMSBnaW1uYXNpYSAxIDIwMTk%3D;j-WCBS3zQAc
243;https://www.youtube.com/watch?v=Ns6lTZN_bVo&pp=ygUXUml2ZXIgMCBDcnV6ZWlybyAwIDIwMTk%3D;Ns6lTZN_bVo
244;https://www.youtube.com/watch?v=w3DweDjOoZI&pp=ygUZcml2ZXIgMSBBcmdlbnRpbm9zIDEgMjAxOQ%3D%3D;w3DweDjOoZI
245;https://www.youtube.com/watch?v=virzjK6GT7M&pp=ygUXUml2ZXIgMCBDcnV6ZWlybyAwIDIwMTk%3D;virzjK6GT7M
246;https://www.youtube.com/watch?v=ckWteKlmdYo&pp=ygUVcml2ZXIgMyBMYW7DunMgMCAyMDE5;ckWteKlmdYo
247;https://www.youtube.com/watch?v=EL9oTYgT2FM&pp=ygUVcml2ZXIgNiBSYWNpbmcgMSAyMDE5;EL9oTYgT2FM
248;https://www.youtube.com/watch?v=vxjDpwrbKyA&pp=ygUdcml2ZXIgMiBDZXJybyBQb3J0ZcOxbyAwIDIwMTk%3D;vxjDpwrbKyA
249;https://www.youtube.com/watch?v=ErYpcxhHtz8&pp=ygUXUml2ZXIgMCBUYWxsZXJlcyAxIDIwMTk%3D;ErYpcxhHtz8
250;https://www.youtube.com/watch?v=hSBl0kJXJ_w&pp=ygUdcml2ZXIgMSBDZXJybyBQb3J0ZcOxbyAxIDIwMTk%3D;hSBl0kJXJ_w
251;https://www.youtube.com/watch?v=f6meOc5jpzM&pp=ygUTUml2ZXIgMCBCb2NhIDAgMjAxOQ%3D%3D;f6meOc5jpzM
252;https://www.youtube.com/watch?v=rb7TmCVGq9Q&pp=ygUXcml2ZXIgNCBIdXJhY8OhbiAwIDIwMTk%3D;rb7TmCVGq9Q
253;https://www.youtube.com/watch?v=CEthwNjM-Fc&pp=ygUZcml2ZXIgMSBHb2RveSBDcnV6IDAgMjAxOQ%3D%3D;CEthwNjM-Fc
254;https://www.youtube.com/watch?v=jpZ1AKRwWHs&pp=ygUVcml2ZXIgMSBWw6lsZXogMSAyMDE5;jpZ1AKRwWHs
255;https://www.youtube.com/watch?v=Pxw7mpf6-K4&pp=ygUacml2ZXIgMiBHaW1uYXNpYSBMUCAwIDIwMTk%3D;Pxw7mpf6-K4
256;https://www.youtube.com/watch?v=dUzkw5Ki704&pp=ygUTcml2ZXIgMiBCb2NhIDAgMjAxOQ%3D%3D;dUzkw5Ki704
257;https://www.youtube.com/watch?v=vI1GX86FHBQ&pp=ygUYcml2ZXIgMiBQYXRyb25hdG8gMCAyMDE5;vI1GX86FHBQ
258;https://www.youtube.com/watch?v=_E1hQ62XoJg&pp=ygUWcml2ZXIgMiBBbG1hZ3JvIDAgMjAxOQ%3D%3D;_E1hQ62XoJg
259;https://www.youtube.com/watch?v=a6H86BDmT08&pp=ygUWcml2ZXIgMyBBcnNlbmFsIDMgMjAxOQ%3D%3D;a6H86BDmT08
260;https://www.youtube.com/watch?v=lRkWF4IcUnw&pp=ygUTUml2ZXIgMCBCb2NhIDEgMjAxOQ%3D%3D;lRkWF4IcUnw
261;https://www.youtube.com/watch?v=2CeT5UO0plU&pp=ygUVcml2ZXIgMiBDb2zDs24gMSAyMDE5;2CeT5UO0plU
262;https://www.youtube.com/watch?v=hD0a79K5s04&pp=ygUXcml2ZXIgMiBBbGRvc2l2aSAxIDIwMTk%3D;hD0a79K5s04
263;https://www.youtube.com/watch?v=NMn9OpX_ZfA&pp=ygUeUml2ZXIgMCBSb3NhcmlvIENlbnRyYWwgMSAyMDE5;NMn9OpX_ZfA
264;https://www.youtube.com/watch?v=1B3l7XZRuJs&pp=ygUdcml2ZXIgMiBFc3R1ZGlhbnRlcyBCQSAwIDIwMTk%3D;1B3l7XZRuJs
265;https://www.youtube.com/watch?v=U70OdBEmDvM&pp=ygUXcml2ZXIgMSBGbGFtZW5nbyAyIDIwMTk%3D;U70OdBEmDvM
266;https://www.youtube.com/watch?v=Di33D3-mp_o&pp=ygUXcml2ZXIgMyBOZXdlbGwncyAyIDIwMTk%3D;Di33D3-mp_o
267;https://www.youtube.com/watch?v=av4xLTerB10&pp=ygUaUml2ZXIgMCBTYW4gTG9yZW56byAxIDIwMTk%3D;av4xLTerB10
268;https://www.youtube.com/watch?v=3m3RD6lOMwA&pp=ygUfcml2ZXIgMyBDZW50cmFsIEPDs3Jkb2JhIDAgMjAxOQ%3D%3D;3m3RD6lOMwA
269;https://www.youtube.com/watch?v=uQzhPd6KYT8&pp=ygUccml2ZXIgMiBJbmRlcGVuZGllbnRlIDEgMjAyMA%3D%3D;uQzhPd6KYT8
270;https://www.youtube.com/watch?v=-nCRlcl_pOQ&pp=ygUZcml2ZXIgMSBHb2RveSBDcnV6IDAgMjAyMA%3D%3D;-nCRlcl_pOQ
271;https://www.youtube.com/watch?v=dcj4MGxiM3Y&pp=ygUfcml2ZXIgMiBDZW50cmFsIEPDs3Jkb2JhIDAgMjAyMA%3D%3D;dcj4MGxiM3Y
272;https://www.youtube.com/watch?v=JYihl_GeIsA&pp=ygUVcml2ZXIgMiBVbmnDs24gMSAyMDIw;JYihl_GeIsA
273;https://www.youtube.com/watch?v=YfWrQjsl2BQ&pp=ygUXcml2ZXIgMSBCYW5maWVsZCAwIDIwMjA%3D;YfWrQjsl2BQ
274;https://www.youtube.com/watch?v=QGPgKdza5dU&pp=ygUacml2ZXIgMiBFc3R1ZGlhbnRlcyAwIDIwMjA%3D;QGPgKdza5dU
275;https://www.youtube.com/watch?v=b50imC4LBLo&pp=ygUhcml2ZXIgMSBEZWZlbnNhIHkgSnVzdGljaWEgMSAyMDIw;b50imC4LBLo
276;https://www.youtube.com/watch?v=u2WdEOrhIOc&pp=ygUcUml2ZXIgMCBMaWdhIGRlIFF1aXRvIDMgMjAyMA%3D%3D;u2WdEOrhIOc
277;https://www.youtube.com/watch?v=cDFObWS_W5E&pp=ygUhcml2ZXIgMSBBdGzDqXRpY28gVHVjdW3DoW4gMSAyMDIw;cDFObWS_W5E
278;https://www.youtube.com/watch?v=wAT5Dq2pEfs&pp=ygUZcml2ZXIgOCBCaW5hY2lvbmFsIDAgMjAyMA%3D%3D;wAT5Dq2pEfs
279;https://www.youtube.com/watch?v=KF9eI3JkFLM&pp=ygUYcml2ZXIgMiBTYW8gUGF1bG8gMiAyMDIw;KF9eI3JkFLM
280;https://www.youtube.com/watch?v=A8lKWdO6S-I&pp=ygUZcml2ZXIgNiBCaW5hY2lvbmFsIDAgMjAyMA%3D%3D;A8lKWdO6S-I
281;https://www.youtube.com/watch?v=doOOL6_hmHs&pp=ygUYcml2ZXIgMiBTYW8gUGF1bG8gMSAyMDIw;doOOL6_hmHs
282;https://www.youtube.com/watch?v=xLPEs2SYOT0&pp=ygUccml2ZXIgMyBMaWdhIGRlIFF1aXRvIDAgMjAyMA%3D%3D;xLPEs2SYOT0
283;https://www.youtube.com/watch?v=hWtXPYGNoww&pp=ygUXcml2ZXIgMSBCYW5maWVsZCAzIDIwMjA%3D;hWtXPYGNoww
284;https://www.youtube.com/watch?v=m1ARhMEGGPg&pp=ygUecml2ZXIgMiBSb3NhcmlvIENlbnRyYWwgMSAyMDIw;m1ARhMEGGPg
285;https://www.youtube.com/watch?v=J57StlHrVoo&pp=ygUZcml2ZXIgMSBHb2RveSBDcnV6IDAgMjAyMA%3D%3D;J57StlHrVoo
286;https://www.youtube.com/watch?v=U0jcChdWxfA&pp=ygUXcml2ZXIgMiBCYW5maWVsZCAwIDIwMjA%3D;U0jcChdWxfA
287;https://www.youtube.com/watch?v=4vODM3klD94&pp=ygUZcml2ZXIgMSBQYXJhbmFlbnNlIDEgMjAyMA%3D%3D;4vODM3klD94
288;https://www.youtube.com/watch?v=z1I-khoHIpM&pp=ygUecml2ZXIgMiBSb3NhcmlvIENlbnRyYWwgMCAyMDIw;z1I-khoHIpM
289;https://www.youtube.com/watch?v=LbMkzggZD-8&pp=ygUZcml2ZXIgMSBQYXJhbmFlbnNlIDAgMjAyMA%3D%3D;LbMkzggZD-8
290;https://www.youtube.com/watch?v=cMDvNnEoTe4&pp=ygUZcml2ZXIgMyBHb2RveSBDcnV6IDEgMjAyMA%3D%3D;cMDvNnEoTe4
291;https://www.youtube.com/watch?v=dnhWKpSBmEI&pp=ygUXcml2ZXIgMiBOYWNpb25hbCAwIDIwMjA%3D;dnhWKpSBmEI
292;https://www.youtube.com/watch?v=FXgFWpYFTus&pp=ygUhcml2ZXIgMSBBcmdlbnRpbm9zIEp1bmlvcnMgMSAyMDIw;FXgFWpYFTus
293;https://www.youtube.com/watch?v=fzTNcSUx47M&pp=ygUXcml2ZXIgNiBOYWNpb25hbCAyIDIwMjA%3D;fzTNcSUx47M
294;https://www.youtube.com/watch?v=Sc154G8Txqo&pp=ygUXcml2ZXIgMyBIdXJhY8OhbiAxIDIwMjA%3D;Sc154G8Txqo
295;https://www.youtube.com/watch?v=MkydCuxXklM&pp=ygUWcml2ZXIgMiBBcnNlbmFsIDEgMjAyMA%3D%3D;MkydCuxXklM
296;https://www.youtube.com/watch?v=QBkivd7UT8U&pp=ygUTcml2ZXIgMiBCb2NhIDIgMjAyMQ%3D%3D;QBkivd7UT8U
297;https://www.youtube.com/watch?v=LBpyWbOrYr4&pp=ygUYUml2ZXIgMCBQYWxtZWlyYXMgMyAyMDIx;LBpyWbOrYr4
298;https://www.youtube.com/watch?v=vO84PjmrZ2M&pp=ygUcUml2ZXIgMCBJbmRlcGVuZGllbnRlIDIgMjAyMQ%3D%3D;vO84PjmrZ2M
299;https://www.youtube.com/watch?v=Uio2bGGP-wc&pp=ygUYcml2ZXIgMiBQYWxtZWlyYXMgMCAyMDIx;Uio2bGGP-wc
300;https://www.youtube.com/watch?v=Sm1OSZNw4AY&pp=ygUqcml2ZXIgNCBEZXBvcnRlcyBkZSBQcm9udW5jaWFtaWVudG8gMCAyMDIx;Sm1OSZNw4AY
301;https://www.youtube.com/watch?v=FSSyEpXOVKE&pp=ygUacml2ZXIgMSBFc3R1ZGlhbnRlcyAyIDIwMjE%3D;FSSyEpXOVKE
302;https://www.youtube.com/watch?v=dTBsT25JH4Y&pp=ygUecml2ZXIgMyBSb3NhcmlvIENlbnRyYWwgMCAyMDIx;dTBsT25JH4Y
303;https://www.youtube.com/watch?v=PYzGVviAXPY&pp=ygUXcml2ZXIgMSBQbGF0ZW5zZSAwIDIwMjE%3D;PYzGVviAXPY
304;https://www.youtube.com/watch?v=Ll5YRyePyQo&pp=ygUVcml2ZXIgNSBSYWNpbmcgMCAyMDIx;Ll5YRyePyQo
305;https://www.youtube.com/watch?v=B4xo0GNFuWk&pp=ygUdUml2ZXIgMCBBcmdlbnRpbm9zIEpycyAxIDIwMjE%3D;B4xo0GNFuWk
306;https://www.youtube.com/watch?v=RoS_Iic12rc&pp=ygUTcml2ZXIgMSBCb2NhIDEgMjAyMQ%3D%3D;RoS_Iic12rc
307;https://www.youtube.com/watch?v=Dg_yJaoC-Bo&pp=ygUZcml2ZXIgNiBHb2RveSBDcnV6IDEgMjAyMQ%3D%3D;Dg_yJaoC-Bo
308;https://www.youtube.com/watch?v=ppvNBCOqSig&pp=ygUVUml2ZXIgMCBSYWNpbmcgMCAyMDIx;ppvNBCOqSig
309;https://www.youtube.com/watch?v=UjVmdR4pDqI&pp=ygUWUml2ZXIgMCBBcnNlbmFsIDEgMjAyMQ%3D%3D;UjVmdR4pDqI
310;https://www.youtube.com/watch?v=fVhwXiiv2PY&pp=ygUhcml2ZXIgMiBBdGzDqXRpY28gVHVjdW3DoW4gMSAyMDIx;fVhwXiiv2PY
311;https://www.youtube.com/watch?v=ZZgFJFWz_mA&pp=ygUVcml2ZXIgMyBDb2zDs24gMiAyMDIx;ZZgFJFWz_mA
312;https://www.youtube.com/watch?v=NXf_DLPjXPU&pp=ygUfcml2ZXIgNSBDZW50cmFsIEPDs3Jkb2JhIDAgMjAyMQ%3D%3D;NXf_DLPjXPU
313;https://www.youtube.com/watch?v=1JsT27gd55A&pp=ygUZcml2ZXIgMSBGbHVtaW5lbnNlIDEgMjAyMQ%3D%3D;1JsT27gd55A
314;https://www.youtube.com/watch?v=8pD9DOuD-O8&pp=ygUacml2ZXIgMSBTYW4gTG9yZW56byAyIDIwMjE%3D;8pD9DOuD-O8
315;https://www.youtube.com/watch?v=BrP6dhaSOQw&pp=ygUVcml2ZXIgMiBKdW5pb3IgMSAyMDIx;BrP6dhaSOQw
316;https://www.youtube.com/watch?v=1S02ZxJ3kB8&pp=ygUXUml2ZXIgMCBCYW5maWVsZCAxIDIwMjE%3D;1S02ZxJ3kB8
317;https://www.youtube.com/watch?v=9WX-DfLhsF8&pp=ygUXUml2ZXIgMCBTYW50YSBGZSAwIDIwMjE%3D;9WX-DfLhsF8
318;https://www.youtube.com/watch?v=K8ZNnnzwXFw&pp=ygUXcml2ZXIgNCBBbGRvc2l2aSAxIDIwMjE%3D;K8ZNnnzwXFw
319;https://www.youtube.com/watch?v=OHmrMb9Uli8&pp=ygUVcml2ZXIgMSBKdW5pb3IgMSAyMDIx;OHmrMb9Uli8
320;https://www.youtube.com/watch?v=gUSBS2iK9y8&pp=ygUTcml2ZXIgMSBCb2NhIDEgMjAyMQ%3D%3D;gUSBS2iK9y8
321;https://www.youtube.com/watch?v=oidaf_2djI0&pp=ygUXcml2ZXIgMiBTYW50YSBGZSAxIDIwMjE%3D;oidaf_2djI0
322;https://www.youtube.com/watch?v=uysNpAEVYl4&pp=ygUZcml2ZXIgMSBGbHVtaW5lbnNlIDMgMjAyMQ%3D%3D;uysNpAEVYl4
323;https://www.youtube.com/watch?v=hLrpvQcn6iU&pp=ygUhcml2ZXIgMSBBcmdlbnRpbm9zIEp1bmlvcnMgMSAyMDIx;hLrpvQcn6iU
324;https://www.youtube.com/watch?v=bYhuELFDC6k&pp=ygUVcml2ZXIgMSBDb2zDs24gMiAyMDIx;bYhuELFDC6k
325;https://www.youtube.com/watch?v=h3TKX4JDO9w&pp=ygUhcml2ZXIgMiBBcmdlbnRpbm9zIEp1bmlvcnMgMCAyMDIx;h3TKX4JDO9w
326;https://www.youtube.com/watch?v=fIrSXPVzSkQ&pp=ygUVcml2ZXIgNCBVbmnDs24gMCAyMDIx;fIrSXPVzSkQ
327;https://www.youtube.com/watch?v=RPHM7AHz9oU&pp=ygUVcml2ZXIgMyBMYW7DunMgMCAyMDIx;RPHM7AHz9oU
328;https://www.youtube.com/watch?v=FLYjWOzwatM&pp=ygUXcml2ZXIgMSBIdXJhY8OhbiAxIDIwMjE%3D;FLYjWOzwatM
329;https://www.youtube.com/watch?v=wmu4BTjc8S0&pp=ygUTUml2ZXIgMCBCb2NhIDAgMjAyMQ%3D%3D;wmu4BTjc8S0
330;https://www.youtube.com/watch?v=lyTv0DrdcUM&pp=ygUZcml2ZXIgMSBHb2RveSBDcnV6IDIgMjAyMQ%3D%3D;lyTv0DrdcUM
331;https://www.youtube.com/watch?v=xI7JFCRFkL0&pp=ygUgUml2ZXIgMCBBdGzDqXRpY28gTWluZWlybyAxIDIwMjE%3D;xI7JFCRFkL0
332;https://www.youtube.com/watch?v=ctEtmV9yUmg&pp=ygUVcml2ZXIgMiBWw6lsZXogMCAyMDIx;ctEtmV9yUmg
333;https://www.youtube.com/watch?v=IC2nhe99JIw&pp=ygUgUml2ZXIgMCBBdGzDqXRpY28gTWluZWlybyAzIDIwMjE%3D;IC2nhe99JIw
334;https://www.youtube.com/watch?v=Vp3Z1YyIHEI&pp=ygUacml2ZXIgMSBHaW1uYXNpYSBMUCAxIDIwMjE%3D;Vp3Z1YyIHEI
335;https://www.youtube.com/watch?v=5S2HFSYrjhc&pp=ygUXcml2ZXIgMiBBbGRvc2l2aSAwIDIwMjE%3D;5S2HFSYrjhc
336;https://www.youtube.com/watch?v=B3JrHgHYGwQ&pp=ygUYcml2ZXIgMiBTYXJtaWVudG8gMSAyMDIx;B3JrHgHYGwQ
337;https://www.youtube.com/watch?v=_HNAW8i-CdA&pp=ygUccml2ZXIgMSBJbmRlcGVuZGllbnRlIDEgMjAyMQ%3D%3D;_HNAW8i-CdA
338;https://www.youtube.com/watch?v=vkR0JtvY5xc&pp=ygUXcml2ZXIgNCBOZXdlbGwncyAxIDIwMjE%3D;vkR0JtvY5xc
339;https://www.youtube.com/watch?v=UjVmdR4pDqI&pp=ygUWcml2ZXIgMSBBcnNlbmFsIDAgMjAyMQ%3D%3D;UjVmdR4pDqI
340;https://www.youtube.com/watch?v=xjkeBDnj9cM&pp=ygUfcml2ZXIgMyBDZW50cmFsIEPDs3Jkb2JhIDEgMjAyMQ%3D%3D;xjkeBDnj9cM
341;https://www.youtube.com/watch?v=Nb9vl7uoFII&pp=ygUTcml2ZXIgMiBCb2NhIDEgMjAyMQ%3D%3D;Nb9vl7uoFII
342;https://www.youtube.com/watch?v=XxrM9KAkbJ8&pp=ygUXcml2ZXIgMSBCYW5maWVsZCAwIDIwMjE%3D;XxrM9KAkbJ8
343;https://www.youtube.com/watch?v=QDZDffiqIT4&pp=ygUacml2ZXIgMyBTYW4gTG9yZW56byAxIDIwMjE%3D;QDZDffiqIT4
344;https://www.youtube.com/watch?v=P5eENzuGE2E&pp=ygUXcml2ZXIgMiBUYWxsZXJlcyAwIDIwMjE%3D;P5eENzuGE2E
345;https://www.youtube.com/watch?v=_67iCsEbpkU&pp=ygUhcml2ZXIgMyBBcmdlbnRpbm9zIEp1bmlvcnMgMCAyMDIx;_67iCsEbpkU
346;https://www.youtube.com/watch?v=iUAopiHKg7I&pp=ygUacml2ZXIgMSBFc3R1ZGlhbnRlcyAxIDIwMjE%3D;iUAopiHKg7I
347;https://www.youtube.com/watch?v=ErUXm7Db9Bw&pp=ygUYcml2ZXIgNSBQYXRyb25hdG8gMCAyMDIx;ErUXm7Db9Bw
348;https://www.youtube.com/watch?v=-lsb8OFwqXE&pp=ygUXcml2ZXIgMSBQbGF0ZW5zZSAwIDIwMjE%3D;-lsb8OFwqXE
349;https://www.youtube.com/watch?v=n1-fRYocDWE&pp=ygUVcml2ZXIgNCBSYWNpbmcgMCAyMDIx;n1-fRYocDWE
350;https://www.youtube.com/watch?v=fXQiQ2m_GaM&pp=ygUecml2ZXIgMiBSb3NhcmlvIENlbnRyYWwgMiAyMDIx;fXQiQ2m_GaM
351;https://www.youtube.com/watch?v=prCFEChhplY&pp=ygUhcml2ZXIgMiBEZWZlbnNhIHkgSnVzdGljaWEgMyAyMDIx;prCFEChhplY
352;https://www.youtube.com/watch?v=3SCxXrc2Auc&pp=ygUhcml2ZXIgMSBBdGzDqXRpY28gVHVjdW3DoW4gMSAyMDIx;3SCxXrc2Auc
353;https://www.youtube.com/watch?v=7bcGFxfKdak&pp=ygUVcml2ZXIgNCBDb2zDs24gMCAyMDIx;7bcGFxfKdak
354;https://www.youtube.com/watch?v=MAhDlpPD3bo&pp=ygUVUml2ZXIgMCBVbmnDs24gMSAyMDIy;MAhDlpPD3bo
355;https://www.youtube.com/watch?v=C50NmKjwitY&pp=ygUYcml2ZXIgNCBQYXRyb25hdG8gMSAyMDIy;C50NmKjwitY
356;https://www.youtube.com/watch?v=FhP1admrojM&pp=ygUXcml2ZXIgMiBOZXdlbGwncyAwIDIwMjI%3D;FhP1admrojM
357;https://www.youtube.com/watch?v=2qefmYU-WCc&pp=ygUVcml2ZXIgMiBSYWNpbmcgMiAyMDIy;2qefmYU-WCc
358;https://www.youtube.com/watch?v=r_fO3ECaSDM&pp=ygUacml2ZXIgMSBTYW4gTG9yZW56byAwIDIwMjI%3D;r_fO3ECaSDM
359;https://www.youtube.com/watch?v=s013jCFmdEI&pp=ygUYcml2ZXIgNSBMYWZlcnJlcmUgMCAyMDIy;s013jCFmdEI
360;https://www.youtube.com/watch?v=ZH8JT6JKArA&pp=ygUacml2ZXIgNCBHaW1uYXNpYSBMUCAwIDIwMjI%3D;ZH8JT6JKArA
361;https://www.youtube.com/watch?v=0M5IMLdYCOg&pp=ygUTUml2ZXIgMCBCb2NhIDEgMjAyMg%3D%3D;0M5IMLdYCOg
362;https://www.youtube.com/watch?v=1oOWlpUMejc&pp=ygUhcml2ZXIgMiBEZWZlbnNhIHkgSnVzdGljaWEgMSAyMDIy;1oOWlpUMejc
363;https://www.youtube.com/watch?v=eF3LXtV4I1s&pp=ygUbcml2ZXIgMSBBbGlhbnphIExpbWEgMCAyMDIy;eF3LXtV4I1s
364;https://www.youtube.com/watch?v=Wcfg6wai-Dg&pp=ygUhcml2ZXIgNCBBcmdlbnRpbm9zIEp1bmlvcnMgMiAyMDIy;Wcfg6wai-Dg
365;https://www.youtube.com/watch?v=f8WMPuRsHuI&pp=ygUYcml2ZXIgMiBGb3J0YWxlemEgMCAyMDIy;f8WMPuRsHuI
366;https://www.youtube.com/watch?v=UamMJVPE_HM&pp=ygUXcml2ZXIgMiBCYW5maWVsZCAxIDIwMjI%3D;UamMJVPE_HM
367;https://www.youtube.com/watch?v=Vp9Qthzqiok&pp=ygUXUml2ZXIgMCBUYWxsZXJlcyAxIDIwMjI%3D;Vp9Qthzqiok
368;https://www.youtube.com/watch?v=Cd6GNHr2y94&pp=ygUhcml2ZXIgMSBBdGzDqXRpY28gVHVjdW3DoW4gMSAyMDIy;Cd6GNHr2y94
369;https://www.youtube.com/watch?v=wFnkVxLWz1g&pp=ygUYcml2ZXIgMiBDb2xvIENvbG8gMSAyMDIy;wFnkVxLWz1g
370;https://www.youtube.com/watch?v=gCJm4HCrAM0&pp=ygUYcml2ZXIgNyBTYXJtaWVudG8gMCAyMDIy;gCJm4HCrAM0
371;https://www.youtube.com/watch?v=ZopuwBIBV2c&pp=ygUYcml2ZXIgMSBGb3J0YWxlemEgMSAyMDIy;ZopuwBIBV2c
372;https://www.youtube.com/watch?v=vRloVhTRKSI&pp=ygUXcml2ZXIgMiBQbGF0ZW5zZSAxIDIwMjI%3D;vRloVhTRKSI
373;https://www.youtube.com/watch?v=nlsu-DUkyGA&pp=ygUUcml2ZXIgMSBUaWdyZSAyIDIwMjI%3D;nlsu-DUkyGA
374;https://www.youtube.com/watch?v=eCRDtK-g9_g&pp=ygUYcml2ZXIgNCBDb2xvIENvbG8gMCAyMDIy;eCRDtK-g9_g
375;https://www.youtube.com/watch?v=yswlaGUzw6o&pp=ygUbcml2ZXIgOCBBbGlhbnphIExpbWEgMSAyMDIy;yswlaGUzw6o
376;https://www.youtube.com/watch?v=OaBkyVH2_Dw&pp=ygUhUml2ZXIgMCBEZWZlbnNhIHkgSnVzdGljaWEgMCAyMDIy;OaBkyVH2_Dw
377;https://www.youtube.com/watch?v=_7ltA_mRwrY&pp=ygUhUml2ZXIgMCBBdGzDqXRpY28gVHVjdW3DoW4gMCAyMDIy;_7ltA_mRwrY
378;https://www.youtube.com/watch?v=5BnnYuB79C4&pp=ygUVUml2ZXIgMCBDb2zDs24gMSAyMDIy;5BnnYuB79C4
379;https://www.youtube.com/watch?v=0FIU8sFkAo0&pp=ygUVcml2ZXIgNSBVbmnDs24gMSAyMDIy;0FIU8sFkAo0
380;https://www.youtube.com/watch?v=1SI2_7IuqVI&pp=ygUVcml2ZXIgMiBMYW7DunMgMSAyMDIy;1SI2_7IuqVI
381;https://www.youtube.com/watch?v=vQXFathzojQ&pp=ygUVUml2ZXIgMCBWw6lsZXogMSAyMDIy;vQXFathzojQ
382;https://www.youtube.com/watch?v=anybb5bJb7M&pp=ygUXcml2ZXIgMiBIdXJhY8OhbiAzIDIwMjI%3D;anybb5bJb7M
383;https://www.youtube.com/watch?v=INK8V9wHIm0&pp=ygUVUml2ZXIgMCBWw6lsZXogMCAyMDIy;INK8V9wHIm0
384;https://www.youtube.com/watch?v=_HqO4j3NY4Y&pp=ygUZUml2ZXIgMCBHb2RveSBDcnV6IDIgMjAyMg%3D%3D;_HqO4j3NY4Y
385;https://www.youtube.com/watch?v=ToRdCq0BPQQ&pp=ygUfcml2ZXIgMyBCYXJyYWNhcyBDZW50cmFsIDAgMjAyMg%3D%3D;ToRdCq0BPQQ
386;https://www.youtube.com/watch?v=Y4xL02b3Uiw&pp=ygUVcml2ZXIgMiBWw6lsZXogMiAyMDIy;Y4xL02b3Uiw
387;https://www.youtube.com/watch?v=mt7CuuZZF0M&pp=ygUacml2ZXIgMSBHaW1uYXNpYSBMUCAwIDIwMjI%3D;mt7CuuZZF0M
388;https://www.youtube.com/watch?v=7jWL742trr0&pp=ygUXcml2ZXIgMyBBbGRvc2l2aSAwIDIwMjI%3D;7jWL742trr0
389;https://www.youtube.com/watch?v=1re8ogb-Kv0&pp=ygUYcml2ZXIgMSBTYXJtaWVudG8gMiAyMDIy;1re8ogb-Kv0
390;https://www.youtube.com/watch?v=Yj9GvD2GpY0&pp=ygUccml2ZXIgMSBJbmRlcGVuZGllbnRlIDAgMjAyMg%3D%3D;Yj9GvD2GpY0
391;https://www.youtube.com/watch?v=ZJhQgLl4qC0&pp=ygUXcml2ZXIgNCBOZXdlbGwncyAxIDIwMjI%3D;ZJhQgLl4qC0
392;https://www.youtube.com/watch?v=hw6jeQJdidw&pp=ygUWUml2ZXIgMCBBcnNlbmFsIDAgMjAyMg%3D%3D;hw6jeQJdidw
393;https://www.youtube.com/watch?v=IDJhZq8imAQ&pp=ygUfcml2ZXIgMyBDZW50cmFsIEPDs3Jkb2JhIDAgMjAyMg%3D%3D;IDJhZq8imAQ
394;https://www.youtube.com/watch?v=d62cpRBlNvQ&pp=ygUUcml2ZXIgMSBUaWdyZSAxIDIwMjI%3D;d62cpRBlNvQ
395;https://www.youtube.com/watch?v=AwLq3Z-a0MM&pp=ygUhcml2ZXIgNCBEZWZlbnNhIHkgSnVzdGljaWEgMCAyMDIy;AwLq3Z-a0MM
396;https://www.youtube.com/watch?v=FCCY9av8BQU&pp=ygUfcml2ZXIgMiBCYXJyYWNhcyBDZW50cmFsIDAgMjAyMg%3D%3D;FCCY9av8BQU
397;https://www.youtube.com/watch?v=xuuEnRdkdhA&pp=ygUTUml2ZXIgMCBCb2NhIDEgMjAyMg%3D%3D;xuuEnRdkdhA
398;https://www.youtube.com/watch?v=cyIXic48bA0&pp=ygUXcml2ZXIgMSBCYW5maWVsZCAyIDIwMjI%3D;cyIXic48bA0
399;https://www.youtube.com/watch?v=mCAKP78Cxm8&pp=ygUacml2ZXIgMSBTYW4gTG9yZW56byAwIDIwMjI%3D;mCAKP78Cxm8
400;https://www.youtube.com/watch?v=Vp9Qthzqiok&pp=ygUXUml2ZXIgMCBUYWxsZXJlcyAxIDIwMjI%3D;Vp9Qthzqiok
401;https://www.youtube.com/watch?v=qVuJY1jYeQQ&pp=ygUYcml2ZXIgMiBQYXRyb25hdG8gMiAyMDIy;qVuJY1jYeQQ
402;https://www.youtube.com/watch?v=1_Hp_fl_FxI&pp=ygUhcml2ZXIgMyBBcmdlbnRpbm9zIEp1bmlvcnMgMCAyMDIy;1_Hp_fl_FxI
403;https://www.youtube.com/watch?v=DL3yRfdsShs&pp=ygUacml2ZXIgNSBFc3R1ZGlhbnRlcyAwIDIwMjI%3D;DL3yRfdsShs
404;https://www.youtube.com/watch?v=apP_mprro5E&pp=ygUYcml2ZXIgMSBQYXRyb25hdG8gMCAyMDIy;apP_mprro5E
405;https://www.youtube.com/watch?v=BOAxy4n5Q8Y&pp=ygUXcml2ZXIgMiBQbGF0ZW5zZSAxIDIwMjI%3D;BOAxy4n5Q8Y
406;https://www.youtube.com/watch?v=jqc_f9KIMac&pp=ygUecml2ZXIgMSBSb3NhcmlvIENlbnRyYWwgMiAyMDIy;jqc_f9KIMac
407;https://www.youtube.com/watch?v=R1ohXTtlfM4&pp=ygUVcml2ZXIgMiBSYWNpbmcgMSAyMDIy;R1ohXTtlfM4
408;https://www.youtube.com/watch?v=8FWOhwXfjW8&t=594s&pp=ygUfcml2ZXIgMiBDZW50cmFsIEPDs3Jkb2JhIDAgMjAyMw%3D%3D;8FWOhwXfjW8
409;https://www.youtube.com/watch?v=NiLxmS1Rkh8&pp=ygUXcml2ZXIgMSBCZWxncmFubyAyIDIwMjM%3D;NiLxmS1Rkh8
410;https://www.youtube.com/watch?v=ik2WyHG2Wzk&pp=ygUdcml2ZXIgMiBBcmdlbnRpbm9zIEpycyAxIDIwMjM%3D;ik2WyHG2Wzk
411;https://www.youtube.com/watch?v=_vciSiF6IlM&pp=ygUUcml2ZXIgMSBUaWdyZSAwIDIwMjM%3D;_vciSiF6IlM
412;https://www.youtube.com/watch?v=YdWuZcWLbAM&pp=ygUXcml2ZXIgMyBCYW5maWVsZCAyIDIwMjM%3D;YdWuZcWLbAM
413;https://www.youtube.com/watch?v=CZO0eVqoQh4&pp=ygUWcml2ZXIgMSBBcnNlbmFsIDIgMjAyMw%3D%3D;CZO0eVqoQh4
414;https://www.youtube.com/watch?v=3W4F-PG6Bwo&pp=ygUVcml2ZXIgMiBMYW7DunMgMCAyMDIz;3W4F-PG6Bwo
415;https://www.youtube.com/watch?v=52qh1EpPvQQ&pp=ygUhcml2ZXIgMyBSYWNpbmcgZGUgQ8OzcmRvYmEgMCAyMDIz;52qh1EpPvQQ
416;https://www.youtube.com/watch?v=EpdIRCm9iIM&pp=ygUZcml2ZXIgMyBHb2RveSBDcnV6IDAgMjAyMw%3D%3D;EpdIRCm9iIM
417;https://www.youtube.com/watch?v=5dK8hLZE3vI&pp=ygUYcml2ZXIgMiBTYXJtaWVudG8gMCAyMDIz;5dK8hLZE3vI
418;https://www.youtube.com/watch?v=3Vq9aiQ7HdU&pp=ygUVcml2ZXIgMSBVbmnDs24gMCAyMDIz;3Vq9aiQ7HdU
419;https://www.youtube.com/watch?v=b7QF9parlAA&pp=ygUccml2ZXIgMSBUaGUgU3Ryb25nZXN0IDMgMjAyMw%3D%3D;b7QF9parlAA
420;https://www.youtube.com/watch?v=r57kPIFMDYQ&pp=ygUXcml2ZXIgMyBIdXJhY8OhbiAwIDIwMjM%3D;r57kPIFMDYQ
421;https://www.youtube.com/watch?v=afCgAp3k0QU&pp=ygUacml2ZXIgMyBHaW1uYXNpYSBMUCAwIDIwMjM%3D;afCgAp3k0QU
422;https://www.youtube.com/watch?v=bHZkuwhCLzc&t=566s&pp=ygUXcml2ZXIgMSBOZXdlbGwncyAwIDIwMjM%3D;bHZkuwhCLzc
423;https://www.youtube.com/watch?v=kPe9n68Ah08&pp=ygUfcml2ZXIgNCBTcG9ydGluZyBDcmlzdGFsIDIgMjAyMw%3D%3D;kPe9n68Ah08
424;https://www.youtube.com/watch?v=M1aagUBYYjs&pp=ygUccml2ZXIgMiBJbmRlcGVuZGllbnRlIDAgMjAyMw%3D%3D;M1aagUBYYjs
425;https://www.youtube.com/watch?v=bi4mVZfBdcw&pp=ygUhcml2ZXIgMSBBdGzDqXRpY28gVHVjdW3DoW4gMSAyMDIz;bi4mVZfBdcw
426;https://www.youtube.com/watch?v=NLlsS44lm50&pp=ygUZcml2ZXIgMSBGbHVtaW5lbnNlIDUgMjAyMw%3D%3D;NLlsS44lm50
427;https://www.youtube.com/watch?v=uLD4XV9bIFI&pp=ygUTcml2ZXIgMSBCb2NhIDAgMjAyMw%3D%3D;uLD4XV9bIFI
428;https://www.youtube.com/watch?v=FhuUydNKN4U&pp=ygUXcml2ZXIgMSBUYWxsZXJlcyAyIDIwMjM%3D;FhuUydNKN4U
429;https://www.youtube.com/watch?v=1OJMfgnXTWc&ab_channel=ESPNFans;1OJMfgnXTWc
430;https://www.youtube.com/watch?v=Hx30lHyMBQI&pp=ygUfcml2ZXIgMSBTcG9ydGluZyBDcmlzdGFsIDEgMjAyMw%3D%3D;Hx30lHyMBQI
431;https://www.youtube.com/watch?v=gngIUDHI-PQ&pp=ygUVcml2ZXIgMiBWw6lsZXogMiAyMDIz;gngIUDHI-PQ
432;https://www.youtube.com/watch?v=4_19LjTAxS8&ab_channel=ESPNFans;4_19LjTAxS8
433;https://www.youtube.com/watch?v=WPQ5pBp6af0&pp=ygUZcml2ZXIgMiBGbHVtaW5lbnNlIDAgMjAyMw%3D%3D;WPQ5pBp6af0
434;https://www.youtube.com/watch?v=w9EpQLvHftA&pp=ygUXcml2ZXIgNCBCYW5maWVsZCAxIDIwMjM%3D;w9EpQLvHftA
435;https://www.youtube.com/watch?v=VMM9AVvCnCQ&ab_channel=ESPNFans;VMM9AVvCnCQ
436;https://www.youtube.com/watch?v=pzVIjLUmJ4c&ab_channel=ESPNFans;pzVIjLUmJ4c
437;https://www.youtube.com/watch?v=3B1K-nRPL-4&ab_channel=ESPNFans;3B1K-nRPL-4
438;https://www.youtube.com/watch?v=RTPO1kwH2SA&ab_channel=ESPNFans;RTPO1kwH2SA
439;https://www.youtube.com/watch?v=hg5s1ii5MPI&ab_channel=ESPNFans;hg5s1ii5MPI
440;https://www.youtube.com/watch?v=Hpz73Pjf6lI&ab_channel=ESPNFans;Hpz73Pjf6lI
441;https://www.youtube.com/watch?v=662mRvHPqDg&ab_channel=TyCSports;662mRvHPqDg
442;https://www.youtube.com/watch?v=aQYEzo2uUM8&ab_channel=ESPNFans;aQYEzo2uUM8
443;https://www.youtube.com/watch?v=5TR7WGRy6Tw&ab_channel=ESPNFans;5TR7WGRy6Tw
444;https://www.youtube.com/watch?v=RB02EJYd-vA&ab_channel=ESPNFans;RB02EJYd-vA
445;https://www.youtube.com/watch?v=7vme7_3FeLY&ab_channel=ESPNFans;7vme7_3FeLY
446;https://www.youtube.com/watch?v=GrxG9diZxIc&ab_channel=ESPNFans;GrxG9diZxIc
447;https://www.youtube.com/watch?v=SUi8UbKFuq8&ab_channel=ESPNFans;SUi8UbKFuq8
448;https://www.youtube.com/watch?v=ZOZ7r5yI67A&ab_channel=ESPNFans;ZOZ7r5yI67A